{"dataset_name": "cluster_whole", "train_auroc": 0.8453561435257495, "train_accuracy": 0.7519505851755527, "train_balance_accuracy": 0.7612305263364564, "test_auroc": 0.8439079410441639, "test_accuracy": 0.7715909090909091, "test_balance_accuracy": 0.7817403614617238, "test_f1": 0.6516464471403813, "test_recall": 0.8034188034188035, "test_precision": 0.5481049562682215, "train_time": 153.39853930473328, "inference_time": 0.4209609031677246, "cluster_len": 7032, "top_features": ["StreamingMovies", "PaymentMethod", "TotalCharges", "DeviceProtection", "OnlineBackup", "TechSupport", "Partner", "StreamingTV", "MonthlyCharges", "Contract", "PaperlessBilling", "tenure", "MultipleLines", "PhoneService", "Dependents", "OnlineSecurity", "InternetService", "gender", "SeniorCitizen"], "top_features_weights": [0.02032298408448696, 0.01788131706416607, 0.014924607239663601, 0.014293679036200047, 0.007559197023510933, 0.0031574643217027187, 0.0025813416577875614, 0.002458979608491063, 0.0008232113323174417, 0.0006625776877626777, 0.000634182128123939, 0.00026302310288883746, 1.9571616576286033e-05, -0.0004669739573728293, -0.0016854581190273166, -0.001968665514141321, -0.002001049928367138, -0.02690279111266136, -0.03538743406534195], "positive_train": 1402, "positive_test": 234, "positive_valid": 233, "negative_train": 3871, "negative_test": 646, "negative_valid": 646}