{"dataset_name": "cluster_whole", "train_auroc": 0.8434977726572838, "train_accuracy": 0.7535760728218466, "train_balance_accuracy": 0.7635454271798614, "test_auroc": 0.8555830475419732, "test_accuracy": 0.759090909090909, "test_balance_accuracy": 0.7620181624002493, "test_f1": 0.6280701754385964, "test_recall": 0.7682403433476395, "test_precision": 0.5311572700296736, "train_time": 145.68809509277344, "inference_time": 0.392014741897583, "cluster_len": 7032, "top_features": ["PaymentMethod", "StreamingMovies", "DeviceProtection", "TotalCharges", "OnlineBackup", "Partner", "TechSupport", "StreamingTV", "PaperlessBilling", "Contract", "MonthlyCharges", "gender", "MultipleLines", "tenure", "PhoneService", "OnlineSecurity", "Dependents", "InternetService", "SeniorCitizen"], "top_features_weights": [0.025541136041283607, 0.01730887033045292, 0.017285864800214767, 0.01204441487789154, 0.010397763922810555, 0.005710398778319359, 0.004882616922259331, 0.0030963646713644266, -0.002763636875897646, -0.0028823947068303823, -0.0048649124801158905, -0.007404746953397989, -0.007837804034352303, -0.008397269994020462, -0.01198594644665718, -0.016539307311177254, -0.017650695517659187, -0.018428826704621315, -0.0210289154201746], "positive_train": 1402, "positive_test": 233, "positive_valid": 234, "negative_train": 3871, "negative_test": 647, "negative_valid": 645}