{"dataset_name": "cluster_3", "train_auroc": 0.8080003854892934, "train_accuracy": 0.6977806788511749, "train_balance_accuracy": 0.7277278000793218, "test_auroc": 0.7366606170598912, "test_accuracy": 0.6027397260273972, "test_balance_accuracy": 0.683393829401089, "test_f1": 0.3458646616541353, "test_recall": 0.7931034482758621, "test_precision": 0.22115384615384615, "train_time": 23.18678593635559, "inference_time": 0.046114444732666016, "cluster_len": 1751, "top_features": ["PaymentMethod", "SeniorCitizen", "DeviceProtection", "TotalCharges", "Partner", "StreamingMovies", "OnlineBackup", "MonthlyCharges", "TechSupport", "PhoneService", "StreamingTV", "tenure", "Dependents", "OnlineSecurity", "PaperlessBilling", "Contract", "InternetService", "MultipleLines", "gender"], "top_features_weights": [0.01875847764313221, 0.015877429395914078, 0.005962555296719074, 0.005676521919667721, 0.0008078594692051411, 0.000388846528949216, 0.00034279428655281663, -8.751598943490535e-05, -9.270082227885723e-05, -0.00010295684478478506, -0.00010323263995815068, -0.0001222163118654862, -0.00013662822311744094, -0.0001385026698699221, -0.00014370626013260335, -0.00018724305846262723, -0.0001905827084556222, -0.00019141467055305839, -0.00557347247377038], "positive_train": 174, "positive_test": 29, "positive_valid": 29, "negative_train": 1139, "negative_test": 190, "negative_valid": 190}