{"dataset_name": "cluster_2", "train_auroc": 0.8721670100593867, "train_accuracy": 0.734006734006734, "train_balance_accuracy": 0.7799812143982547, "test_auroc": 0.8354978354978354, "test_accuracy": 0.6941176470588235, "test_balance_accuracy": 0.7492784992784993, "test_f1": 0.59375, "test_recall": 0.8636363636363636, "test_precision": 0.4523809523809524, "train_time": 7.7925944328308105, "inference_time": 0.013569831848144531, "cluster_len": 679, "top_features": ["StreamingMovies", "PaymentMethod", "DeviceProtection", "TotalCharges", "MultipleLines", "tenure", "MonthlyCharges", "StreamingTV", "OnlineSecurity", "OnlineBackup", "InternetService", "Contract", "Dependents", "TechSupport", "PaperlessBilling", "PhoneService", "SeniorCitizen", "Partner", "gender"], "top_features_weights": [0.03143446147441864, 0.0033705441746860743, 0.002745383884757757, 0.002226232783868909, 0.0006683575920760632, -0.0021165881771594286, -0.0028437424916774035, -0.0028978779446333647, -0.004035199526697397, -0.004035355988889933, -0.004036460071802139, -0.004625784233212471, -0.004708496388047934, -0.0049287304282188416, -0.00616074725985527, -0.007706425618380308, -0.020674970000982285, -0.05565584823489189, -0.07279029488563538], "positive_train": 127, "positive_test": 22, "positive_valid": 21, "negative_train": 382, "negative_test": 63, "negative_valid": 64}