{"dataset_name": "cluster_whole", "train_auroc": 0.8463534682160789, "train_accuracy": 0.7508127438231469, "train_balance_accuracy": 0.7625660827382703, "test_auroc": 0.8379251195777668, "test_accuracy": 0.7488636363636364, "test_balance_accuracy": 0.7678212106218043, "test_f1": 0.632279534109817, "test_recall": 0.8085106382978723, "test_precision": 0.5191256830601093, "train_time": 151.87238454818726, "inference_time": 0.4314117431640625, "cluster_len": 7032, "top_features": ["StreamingMovies", "gender", "DeviceProtection", "PaymentMethod", "TotalCharges", "OnlineBackup", "TechSupport", "Partner", "StreamingTV", "MonthlyCharges", "Contract", "PaperlessBilling", "tenure", "MultipleLines", "PhoneService", "OnlineSecurity", "Dependents", "InternetService", "SeniorCitizen"], "top_features_weights": [0.02274748496711254, 0.021237805485725403, 0.018930582329630852, 0.017687847837805748, 0.015953123569488525, 0.00818357802927494, 0.003628552658483386, 0.0033318421337753534, 0.0025538636837154627, 0.001806527143344283, 0.00101534987334162, 0.0009949535597115755, 0.0009836676763370633, 0.00032306229695677757, -2.808360841299873e-05, -0.0008818754577077925, -0.0009425364551134408, -0.0011831616284325719, -0.021826354786753654], "positive_train": 1401, "positive_test": 235, "positive_valid": 233, "negative_train": 3872, "negative_test": 645, "negative_valid": 646}