{"dataset_name": "cluster_4", "train_auroc": 0.8020844818305045, "train_accuracy": 0.7120557954168051, "train_balance_accuracy": 0.7220860754427139, "test_auroc": 0.8123981531776208, "test_accuracy": 0.7076566125290024, "test_balance_accuracy": 0.7239045808437443, "test_f1": 0.6802030456852792, "test_recall": 0.7976190476190477, "test_precision": 0.5929203539823009, "train_time": 70.66348147392273, "inference_time": 0.19974255561828613, "cluster_len": 3442, "top_features": ["SeniorCitizen", "OnlineBackup", "PaymentMethod", "TotalCharges", "Partner", "DeviceProtection", "StreamingMovies", "MonthlyCharges", "TechSupport", "PhoneService", "tenure", "MultipleLines", "StreamingTV", "Dependents", "OnlineSecurity", "InternetService", "Contract", "PaperlessBilling", "gender"], "top_features_weights": [0.015485298819839954, 0.0146122295409441, 0.011417693458497524, 0.010587862692773342, 0.008397139608860016, 0.00814463198184967, 0.0014208295615389943, 0.0005382794770412147, -0.001195446471683681, -0.0023059758823364973, -0.0026997006498277187, -0.0044958763755857944, -0.005086821038275957, -0.007267128210514784, -0.00801317859441042, -0.009536167606711388, -0.00954961683601141, -0.010118270292878151, -0.03546860069036484], "positive_train": 1009, "positive_test": 168, "positive_valid": 168, "negative_train": 1572, "negative_test": 263, "negative_valid": 262}