{"dataset_name": "cluster_1", "train_auroc": 0.8673575724753629, "train_accuracy": 0.749624060150376, "train_balance_accuracy": 0.7950791423577777, "test_auroc": 0.8831168831168832, "test_accuracy": 0.7578947368421053, "test_balance_accuracy": 0.8035714285714286, "test_f1": 0.34285714285714286, "test_recall": 0.8571428571428571, "test_precision": 0.21428571428571427, "train_time": 11.551017999649048, "inference_time": 0.018000125885009766, "cluster_len": 1520, "top_features": ["SeniorCitizen", "PaymentMethod", "PhoneService", "MultipleLines", "MonthlyCharges", "Dependents", "InternetService", "OnlineBackup", "Contract", "PaperlessBilling", "StreamingMovies", "TechSupport", "DeviceProtection", "StreamingTV", "TotalCharges", "tenure", "OnlineSecurity", "gender", "Partner"], "top_features_weights": [0.004828894976526499, 0.001725457259453833, -1.5598569007124752e-05, -0.00012370113108772784, -0.00017661674064584076, -0.0002092197391903028, -0.00022197399812284857, -0.00022200353851076216, -0.0002220142778242007, -0.0002220416790805757, -0.00022204751439858228, -0.00022231810726225376, -0.00022235469077713788, -0.00022238222300074995, -0.00024860366829670966, -0.0002583089517429471, -0.00037026486825197935, -0.02097019925713539, -0.04829859361052513], "positive_train": 85, "positive_test": 14, "positive_valid": 14, "negative_train": 1055, "negative_test": 176, "negative_valid": 176}