{"train_auroc": 0.8439404603086232, "train_accuracy": 0.8035143769968051, "test_auroc": 0.8489653568937456, "test_accuracy": 0.8005677785663591, "train_time": 837.4695470333099, "inference_time": 1.082646131515503, "top_features": ["SeniorCitizen", "MonthlyCharges", "PaymentMethod", "OnlineSecurity", "TechSupport", "Contract", "InternetService", "OnlineBackup", "DeviceProtection", "PaperlessBilling", "StreamingTV", "StreamingMovies", "Dependents", "Partner", "MultipleLines", "gender", "PhoneService", "tenure"], "top_features_weights": [0.0023824458476155996, 0.0018662541406229138, 0.0006436319672502577, 0.0003215608303435147, 0.0002838711952790618, 0.00021908619964960963, 0.00015913155220914632, 9.950976527761668e-05, 6.889755604788661e-05, 6.477132410509512e-05, 9.02236297406489e-06, 5.907299055252224e-06, 4.974256171408342e-06, -3.0168783268891275e-05, -4.727654959424399e-05, -4.7366567741846666e-05, -5.979515117360279e-05, -0.02369149588048458]}