{"dataset_name": "cluster_whole", "train_auroc": 0.8466978637955559, "train_accuracy": 0.7486996098829649, "train_balance_accuracy": 0.7636994866149558, "test_auroc": 0.831712577068614, "test_accuracy": 0.7284090909090909, "test_balance_accuracy": 0.746877563441031, "test_f1": 0.6062602965403624, "test_recall": 0.7863247863247863, "test_precision": 0.4932975871313673, "train_time": 162.72914338111877, "inference_time": 0.43520045280456543, "cluster_len": 7032, "top_features": ["gender", "StreamingMovies", "DeviceProtection", "TotalCharges", "PaymentMethod", "OnlineBackup", "TechSupport", "Partner", "MonthlyCharges", "StreamingTV", "tenure", "Contract", "PaperlessBilling", "MultipleLines", "PhoneService", "Dependents", "OnlineSecurity", "InternetService", "SeniorCitizen"], "top_features_weights": [0.02687356434762478, 0.025413423776626587, 0.020307453349232674, 0.019455378875136375, 0.01845608651638031, 0.005120614543557167, 0.003816769691184163, 0.003116682870313525, 0.0010925597744062543, 0.000662849866785109, 0.0006423128652386367, 0.0004100500955246389, 0.0003397641994524747, 0.00018649644334800541, -0.0002686619700398296, -0.0011565854074433446, -0.0011588649358600378, -0.0013012323761358857, -0.03184846043586731], "positive_train": 1401, "positive_test": 234, "positive_valid": 234, "negative_train": 3872, "negative_test": 646, "negative_valid": 645}