{"dataset_name": "cluster_1", "train_auroc": 0.7792949802784236, "train_accuracy": 0.7090336134453782, "train_balance_accuracy": 0.7129408756447223, "test_auroc": 0.7739880265831823, "test_accuracy": 0.7022058823529411, "test_balance_accuracy": 0.707282913165266, "test_f1": 0.6872586872586872, "test_recall": 0.7478991596638656, "test_precision": 0.6357142857142857, "train_time": 37.20461320877075, "inference_time": 0.08316159248352051, "cluster_len": 2176, "top_features": ["OnlineBackup", "gender", "TotalCharges", "StreamingMovies", "PaymentMethod", "DeviceProtection", "Partner", "MonthlyCharges", "TechSupport", "StreamingTV", "MultipleLines", "OnlineSecurity", "Dependents", "PhoneService", "tenure", "Contract", "PaperlessBilling", "InternetService", "SeniorCitizen"], "top_features_weights": [0.019158808514475822, 0.016788307577371597, 0.010047667659819126, 0.008690444752573967, 0.007253602147102356, 0.007055644411593676, 0.004334731958806515, 0.0026709893718361855, 0.0009810783667489886, -0.0033077227417379618, -0.004253553692251444, -0.004285857081413269, -0.004300500266253948, -0.005551552399992943, -0.005775713361799717, -0.005842514801770449, -0.006240482907742262, -0.006606032606214285, -0.022210512310266495], "positive_train": 712, "positive_test": 119, "positive_valid": 119, "negative_train": 920, "negative_test": 153, "negative_valid": 153}