{"train_auroc": 0.8446110210696922, "train_accuracy": 0.79041248606466, "test_auroc": 0.8203846549418903, "test_accuracy": 0.7667161961367014, "train_time": 217.59932661056519, "inference_time": 0.3428518772125244, "top_features": ["InternetService", "tenure", "Contract", "OnlineSecurity", "TechSupport", "PaymentMethod", "OnlineBackup", "StreamingTV", "DeviceProtection", "MonthlyCharges", "StreamingMovies", "PaperlessBilling", "TotalCharges", "Dependents", "Partner", "MultipleLines", "gender", "PhoneService"], "top_features_weights": [0.0042539495043456554, 0.002717413008213043, 0.0018397032981738448, 0.001249307650141418, -0.003119036788120866, -0.008284232579171658, -0.012392796576023102, -0.012888886034488678, -0.01487030927091837, -0.016804153099656105, -0.018421411514282227, -0.02406998910009861, -0.040983524173498154, -0.042166609317064285, -0.048311904072761536, -0.04861980304121971, -0.05509760603308678, -0.05686424672603607]}