{"dataset_name": "cluster_3", "train_auroc": 0.8097528572639989, "train_accuracy": 0.7271980279375514, "train_balance_accuracy": 0.7432301923058804, "test_auroc": 0.7773148148148148, "test_accuracy": 0.6781609195402298, "test_balance_accuracy": 0.7131944444444445, "test_f1": 0.45098039215686275, "test_recall": 0.7666666666666667, "test_precision": 0.3194444444444444, "train_time": 18.745156288146973, "inference_time": 0.04287457466125488, "cluster_len": 1391, "top_features": ["PaymentMethod", "SeniorCitizen", "StreamingMovies", "DeviceProtection", "OnlineBackup", "TotalCharges", "gender", "MonthlyCharges", "MultipleLines", "Dependents", "tenure", "Contract", "TechSupport", "StreamingTV", "PhoneService", "OnlineSecurity", "InternetService", "PaperlessBilling", "Partner"], "top_features_weights": [0.07078532874584198, 0.04980573430657387, 0.004405639134347439, 0.002192810643464327, 0.0018146215006709099, 0.0009754734928719699, 0.0004442853096406907, 3.936926805181429e-05, -6.020889486535452e-05, -6.104261410655454e-05, -9.623549703974277e-05, -9.675784531282261e-05, -0.0001072598242899403, -0.00014558309339918196, -0.0002000662498176098, -0.00020361637871246785, -0.00021525273041334003, -0.0003680596128106117, -0.003357747569680214], "positive_train": 181, "positive_test": 30, "positive_valid": 30, "negative_train": 862, "negative_test": 144, "negative_valid": 144}