{"dataset_name": "cluster_3", "train_auroc": 0.8178303624711347, "train_accuracy": 0.6736292428198434, "train_balance_accuracy": 0.7284153795401558, "test_auroc": 0.6727767695099819, "test_accuracy": 0.5981735159817352, "test_balance_accuracy": 0.6369328493647913, "test_f1": 0.3125, "test_recall": 0.6896551724137931, "test_precision": 0.20202020202020202, "train_time": 23.114986419677734, "inference_time": 0.045057058334350586, "cluster_len": 1751, "top_features": ["PaymentMethod", "TotalCharges", "DeviceProtection", "gender", "StreamingMovies", "SeniorCitizen", "Contract", "OnlineBackup", "MonthlyCharges", "StreamingTV", "Dependents", "PaperlessBilling", "TechSupport", "PhoneService", "tenure", "InternetService", "MultipleLines", "OnlineSecurity", "Partner"], "top_features_weights": [0.022403012961149216, 0.010192104615271091, 0.005740359891206026, 0.0020783201325684786, 0.0008622356690466404, 0.00031880754977464676, 0.0001793949049897492, 0.00012623945076484233, -7.90964622865431e-06, -3.4515753213781863e-05, -3.926201679860242e-05, -5.999879795126617e-05, -6.422177102649584e-05, -6.641016079811379e-05, -7.37265290808864e-05, -0.00012610666453838348, -0.0001657009415794164, -0.00030903317383490503, -0.005844731815159321], "positive_train": 174, "positive_test": 29, "positive_valid": 29, "negative_train": 1139, "negative_test": 190, "negative_valid": 190}