{"dataset_name": "cluster_1", "train_auroc": 0.8585768881703962, "train_accuracy": 0.7175305765870704, "train_balance_accuracy": 0.7748589012734337, "test_auroc": 0.797733806866227, "test_accuracy": 0.6991869918699187, "test_balance_accuracy": 0.71740233384069, "test_f1": 0.3508771929824561, "test_recall": 0.7407407407407407, "test_precision": 0.22988505747126436, "train_time": 29.30383276939392, "inference_time": 0.05632638931274414, "cluster_len": 1963, "top_features": ["gender", "Partner", "PaymentMethod", "OnlineSecurity", "InternetService", "StreamingMovies", "DeviceProtection", "TotalCharges", "OnlineBackup", "MonthlyCharges", "MultipleLines", "Contract", "StreamingTV", "TechSupport", "PaperlessBilling", "PhoneService", "tenure", "Dependents", "SeniorCitizen"], "top_features_weights": [0.12342403084039688, 0.03604436293244362, 0.0034982527140527964, 0.002655880991369486, 0.0024784381967037916, 0.0021336753852665424, 0.0015827144961804152, 0.00021026541071478277, 0.00016675147344358265, 0.00014469468442257494, 0.00010375268902862445, 0.0001037189649650827, 9.461294393986464e-05, 8.344562957063317e-05, 6.662409577984363e-05, 4.643379361368716e-05, 2.7233021683059633e-05, 2.4495857360307127e-05, -0.028639450669288635], "positive_train": 158, "positive_test": 27, "positive_valid": 26, "negative_train": 1314, "negative_test": 219, "negative_valid": 219}