{"train_auroc": 0.8287437353130784, "train_accuracy": 0.8649581074420897, "test_auroc": 0.8121554257040046, "test_accuracy": 0.8641732283464567, "train_time": 27.178771495819092, "inference_time": 0.09717559814453125, "top_features": ["Contract", "InternetService", "PaymentMethod", "OnlineSecurity", "TechSupport", "PaperlessBilling", "StreamingMovies", "DeviceProtection", "OnlineBackup", "Dependents", "StreamingTV", "MultipleLines", "Partner", "gender", "PhoneService", "tenure", "MonthlyCharges"], "top_features_weights": [6.360283805406652e-06, -6.557504093507305e-06, -1.587296173966024e-05, -1.7429349099984393e-05, -9.802467684494331e-05, -0.0003139042528346181, -0.0008153729722835124, -0.0010719287674874067, -0.0011890637688338757, -0.0017382922815158963, -0.0017598604317754507, -0.0022384622134268284, -0.002596738515421748, -0.002672916976734996, -0.0026785763911902905, -0.024890461936593056, -0.04280609264969826]}