{"dataset_name": "cluster_4", "train_auroc": 0.8000322428516764, "train_accuracy": 0.7070740617734972, "train_balance_accuracy": 0.7179966534143605, "test_auroc": 0.8247329349990946, "test_accuracy": 0.7679814385150812, "test_balance_accuracy": 0.7787094875973203, "test_f1": 0.7354497354497355, "test_recall": 0.8273809523809523, "test_precision": 0.6619047619047619, "train_time": 72.11180758476257, "inference_time": 0.24076581001281738, "cluster_len": 3442, "top_features": ["SeniorCitizen", "OnlineBackup", "Partner", "TotalCharges", "PaymentMethod", "DeviceProtection", "gender", "StreamingMovies", "MonthlyCharges", "tenure", "TechSupport", "MultipleLines", "PhoneService", "StreamingTV", "OnlineSecurity", "Dependents", "Contract", "InternetService", "PaperlessBilling"], "top_features_weights": [0.02444872446358204, 0.013478932902216911, 0.012470788322389126, 0.01138538122177124, 0.009936935268342495, 0.009785937145352364, 0.009227132424712181, 0.0037577396724373102, 0.0008428393630310893, -0.0012076168786734343, -0.0025671126786619425, -0.004050280433148146, -0.004321390297263861, -0.00561912776902318, -0.0061254678294062614, -0.0071015688590705395, -0.007823612540960312, -0.008011182770133018, -0.00824152585119009], "positive_train": 1009, "positive_test": 168, "positive_valid": 168, "negative_train": 1572, "negative_test": 263, "negative_valid": 262}