{"train_auroc": 0.8204319854754999, "train_accuracy": 0.7382256297918949, "test_auroc": 0.8102906520031422, "test_accuracy": 0.6986899563318777, "train_time": 8.617194890975952, "inference_time": 0.015035390853881836, "top_features": ["Contract", "TechSupport", "OnlineSecurity", "PaymentMethod", "MonthlyCharges", "OnlineBackup", "DeviceProtection", "InternetService", "StreamingTV", "StreamingMovies", "PaperlessBilling", "Partner", "Dependents", "gender", "MultipleLines", "PhoneService", "tenure"], "top_features_weights": [0.019457923248410225, 0.005116945598274469, -0.00303449179045856, -0.006048953626304865, -0.0073739332146942616, -0.009194028563797474, -0.010563311167061329, -0.01455077063292265, -0.019065169617533684, -0.019297247752547264, -0.024028202518820763, -0.024404186755418777, -0.02632465772330761, -0.029102841392159462, -0.03086448460817337, -0.031246595084667206, -0.061283793300390244]}