{"dataset_name": "cluster_4", "train_auroc": 0.8037669877292519, "train_accuracy": 0.7037037037037037, "train_balance_accuracy": 0.7144659585697322, "test_auroc": 0.7941767068273092, "test_accuracy": 0.7272727272727273, "test_balance_accuracy": 0.7396586345381526, "test_f1": 0.7153284671532847, "test_recall": 0.8166666666666667, "test_precision": 0.6363636363636364, "train_time": 15.246757984161377, "inference_time": 0.035735130310058594, "cluster_len": 1142, "top_features": ["StreamingMovies", "PaymentMethod", "DeviceProtection", "TotalCharges", "TechSupport", "StreamingTV", "OnlineBackup", "Partner", "PaperlessBilling", "MonthlyCharges", "Contract", "SeniorCitizen", "PhoneService", "OnlineSecurity", "MultipleLines", "tenure", "InternetService", "Dependents", "gender"], "top_features_weights": [0.025506386533379555, 0.025237098336219788, 0.010923334397375584, 0.0025726151652634144, 0.0024033584631979465, 0.0014105065492913127, 0.000708577805198729, 0.00025826276396401227, -0.0025209710001945496, -0.002608521608635783, -0.00284513458609581, -0.0058609796687960625, -0.0068302215076982975, -0.008066540583968163, -0.008350556716322899, -0.008750565350055695, -0.01022300124168396, -0.010745825245976448, -0.02167765609920025], "positive_train": 357, "positive_test": 60, "positive_valid": 59, "negative_train": 499, "negative_test": 83, "negative_valid": 84}