{"dataset_name": "cluster_4", "train_auroc": 0.8103496584175959, "train_accuracy": 0.7257257257257257, "train_balance_accuracy": 0.7370701377042695, "test_auroc": 0.7857142857142857, "test_accuracy": 0.6853146853146853, "test_balance_accuracy": 0.6917877320419693, "test_f1": 0.6564885496183206, "test_recall": 0.7288135593220338, "test_precision": 0.5972222222222222, "train_time": 14.219232082366943, "inference_time": 0.030646324157714844, "cluster_len": 1142, "top_features": ["PaymentMethod", "StreamingMovies", "DeviceProtection", "Partner", "TotalCharges", "TechSupport", "StreamingTV", "OnlineBackup", "PaperlessBilling", "MonthlyCharges", "Contract", "PhoneService", "InternetService", "tenure", "SeniorCitizen", "OnlineSecurity", "MultipleLines", "Dependents", "gender"], "top_features_weights": [0.042657773941755295, 0.02137777768075466, 0.005496207624673843, 0.0054863216355443, 0.0040765185840427876, 0.0032531495671719313, 0.0011523514986038208, -0.0025030451361089945, -0.00595268327742815, -0.0068485913798213005, -0.007207423448562622, -0.008726075291633606, -0.010827704332768917, -0.011115812696516514, -0.011274714954197407, -0.01141142938286066, -0.011769240722060204, -0.013721093535423279, -0.030369235202670097], "positive_train": 357, "positive_test": 59, "positive_valid": 60, "negative_train": 499, "negative_test": 84, "negative_valid": 83}