{"dataset_name": "cluster_3", "train_auroc": 0.8105019174055195, "train_accuracy": 0.7132292522596549, "train_balance_accuracy": 0.7347808881309301, "test_auroc": 0.7907407407407407, "test_accuracy": 0.7068965517241379, "test_balance_accuracy": 0.6513888888888889, "test_f1": 0.4, "test_recall": 0.5666666666666667, "test_precision": 0.3090909090909091, "train_time": 15.655731678009033, "inference_time": 0.02900099754333496, "cluster_len": 1391, "top_features": ["PaymentMethod", "SeniorCitizen", "StreamingMovies", "DeviceProtection", "TotalCharges", "OnlineBackup", "MultipleLines", "OnlineSecurity", "Contract", "MonthlyCharges", "InternetService", "Dependents", "tenure", "TechSupport", "PhoneService", "StreamingTV", "PaperlessBilling", "gender", "Partner"], "top_features_weights": [0.04575536400079727, 0.021926702931523323, 0.010174454189836979, 0.0028497062157839537, 0.002255009952932596, 0.0005625451449304819, 0.0001196632074424997, 9.199440683005378e-05, 8.427428838331252e-05, 4.9799396947491914e-05, 3.850142456940375e-05, 2.0722198314615525e-05, -1.1794211332016857e-06, -4.1456038161413744e-05, -6.0818580095656216e-05, -6.376219243975356e-05, -0.00010735193791333586, -0.008183137513697147, -0.00917664635926485], "positive_train": 181, "positive_test": 30, "positive_valid": 30, "negative_train": 862, "negative_test": 144, "negative_valid": 144}