{"train_auroc": 0.905962949483593, "train_accuracy": 0.8479512706984362, "test_auroc": 0.904025589745591, "test_accuracy": 0.8489098167673252, "train_time": 2154.8850190639496, "inference_time": 3.822012424468994, "top_features": ["education-num", "capital-gain", "capital-loss", "occupation", "relationship", "marital-status", "education", "sex", "workclass", "native-country", "race", "fnlwgt", "hours-per-week", "age"], "top_features_weights": [0.05536121129989624, 0.05390084162354469, 0.0071764057502150536, 0.00016050890553742647, 3.114889113930985e-05, 2.985979153891094e-05, 2.1553811166086234e-05, 1.036932098941179e-05, 6.3065517679206096e-06, 5.969905942038167e-06, 5.238583980826661e-06, -2.41027391894022e-05, -0.013120844960212708, -0.2084488868713379]}