{"train_auroc": 0.9051751134504185, "train_accuracy": 0.8480280500601438, "test_auroc": 0.9033444731737288, "test_accuracy": 0.8491145460128979, "train_time": 2733.826756954193, "inference_time": 7.597466707229614, "top_features": ["education-num", "capital-gain", "capital-loss", "occupation", "relationship", "marital-status", "education", "sex", "workclass", "native-country", "race", "fnlwgt", "hours-per-week", "age"], "top_features_weights": [0.06202983111143112, 0.0483974814414978, 0.0087547292932868, 0.0007851339760236442, 2.858026527974289e-05, 2.787145240290556e-05, 1.9656501535791904e-05, 1.262538989976747e-05, 7.216229278128594e-06, 7.109598755050683e-06, 7.057653874653624e-06, -5.92886317463126e-06, -0.0233012568205595, -0.039194684475660324]}