{"dataset_name": "cluster_1", "train_auroc": 0.8657041577431503, "train_accuracy": 0.7541353383458647, "train_balance_accuracy": 0.8114491790365064, "test_auroc": 0.7644074675324676, "test_accuracy": 0.7421052631578947, "test_balance_accuracy": 0.729301948051948, "test_f1": 0.2898550724637681, "test_recall": 0.7142857142857143, "test_precision": 0.18181818181818182, "train_time": 17.96362328529358, "inference_time": 0.03525090217590332, "cluster_len": 1520, "top_features": ["PaymentMethod", "gender", "MultipleLines", "OnlineSecurity", "OnlineBackup", "DeviceProtection", "StreamingTV", "Contract", "InternetService", "StreamingMovies", "PaperlessBilling", "TechSupport", "Dependents", "tenure", "MonthlyCharges", "TotalCharges", "PhoneService", "Partner", "SeniorCitizen"], "top_features_weights": [0.015110781416296959, 0.005220442079007626, -2.0261538793420186e-06, -4.86387489218032e-06, -1.1037221156584565e-05, -1.1161233487655409e-05, -1.1196560990356375e-05, -1.1226174137846101e-05, -1.1426644050516188e-05, -1.162497756013181e-05, -1.1625856132013723e-05, -1.1788124538725242e-05, -1.2416086065059062e-05, -1.3635109098686371e-05, -1.900211464089807e-05, -2.0506415239651687e-05, -2.298453364346642e-05, -0.025797368958592415, -0.03810185566544533], "positive_train": 85, "positive_test": 14, "positive_valid": 14, "negative_train": 1055, "negative_test": 176, "negative_valid": 176}