{"dataset_name": "cluster_2", "train_auroc": 0.8492282112368472, "train_accuracy": 0.7041351193942924, "train_balance_accuracy": 0.7745309708159618, "test_auroc": 0.8203111787586673, "test_accuracy": 0.6747967479674797, "test_balance_accuracy": 0.7361745306950787, "test_f1": 0.3548387096774194, "test_recall": 0.8148148148148148, "test_precision": 0.2268041237113402, "train_time": 28.42661166191101, "inference_time": 0.06407737731933594, "cluster_len": 1963, "top_features": ["gender", "Partner", "SeniorCitizen", "PaymentMethod", "OnlineSecurity", "InternetService", "StreamingMovies", "DeviceProtection", "TotalCharges", "OnlineBackup", "Contract", "TechSupport", "PaperlessBilling", "MonthlyCharges", "StreamingTV", "PhoneService", "MultipleLines", "tenure", "Dependents"], "top_features_weights": [0.12354397028684616, 0.04005341976881027, 0.01140729058533907, 0.005251223687082529, 0.003906546160578728, 0.00336459930986166, 0.0031796195544302464, 0.0025401306338608265, 0.0007260462152771652, 0.00032587413443252444, 0.00029789088875986636, 0.0002804829564411193, 0.00021712803572881967, 0.00019685454026330262, 7.870711124269292e-05, 6.432178633986041e-05, 5.761903230450116e-05, 3.060343806282617e-05, 2.3641336156288162e-05], "positive_train": 158, "positive_test": 27, "positive_valid": 26, "negative_train": 1314, "negative_test": 219, "negative_valid": 219}