{"dataset_name": "cluster_2", "train_auroc": 0.8663449211974965, "train_accuracy": 0.7407407407407407, "train_balance_accuracy": 0.773395671517985, "test_auroc": 0.8869047619047619, "test_accuracy": 0.7411764705882353, "test_balance_accuracy": 0.7801339285714286, "test_f1": 0.6206896551724138, "test_recall": 0.8571428571428571, "test_precision": 0.4864864864864865, "train_time": 19.863487720489502, "inference_time": 0.01399993896484375, "cluster_len": 679, "top_features": ["PaymentMethod", "StreamingMovies", "DeviceProtection", "TotalCharges", "MultipleLines", "tenure", "MonthlyCharges", "StreamingTV", "TechSupport", "OnlineSecurity", "InternetService", "OnlineBackup", "Dependents", "PaperlessBilling", "PhoneService", "Contract", "gender", "SeniorCitizen", "Partner"], "top_features_weights": [0.035613905638456345, 0.012891883961856365, 0.012565350160002708, -0.0034114141017198563, -0.003518051700666547, -0.010296194814145565, -0.013703671284019947, -0.023955143988132477, -0.025344882160425186, -0.02693982422351837, -0.028042178601026535, -0.029496580362319946, -0.030302179977297783, -0.032399099320173264, -0.03319466486573219, -0.034124426543712616, -0.0695415511727333, -0.07666970789432526, -0.08885429799556732], "positive_train": 127, "positive_test": 21, "positive_valid": 22, "negative_train": 382, "negative_test": 64, "negative_valid": 63}