{"dataset_name": "cluster_2", "train_auroc": 0.776758147416681, "train_accuracy": 0.7037815126050421, "train_balance_accuracy": 0.7100451628025386, "test_auroc": 0.8014499917614104, "test_accuracy": 0.7169117647058824, "test_balance_accuracy": 0.7278244631185807, "test_f1": 0.7158671586715867, "test_recall": 0.8151260504201681, "test_precision": 0.6381578947368421, "train_time": 40.18156909942627, "inference_time": 0.08641886711120605, "cluster_len": 2176, "top_features": ["SeniorCitizen", "OnlineBackup", "TotalCharges", "DeviceProtection", "StreamingMovies", "Partner", "PaymentMethod", "gender", "MonthlyCharges", "TechSupport", "OnlineSecurity", "StreamingTV", "MultipleLines", "Dependents", "Contract", "tenure", "PhoneService", "PaperlessBilling", "InternetService"], "top_features_weights": [0.02469089813530445, 0.01751728355884552, 0.012496652081608772, 0.008866080082952976, 0.0076201013289391994, 0.006644442677497864, 0.006636847276240587, 0.002635251497849822, 0.0019598091021180153, -0.0021952514071017504, -0.004713732283562422, -0.005192461423575878, -0.005369315855205059, -0.006160835735499859, -0.0064924671314656734, -0.007359629031270742, -0.0075411866419017315, -0.007691501639783382, -0.008807274512946606], "positive_train": 712, "positive_test": 119, "positive_valid": 119, "negative_train": 920, "negative_test": 153, "negative_valid": 153}